cs/0001027,0
cs/0001025,1
cs/0001024,2
cs/0001023,3
cs/0001022,4
cs/0001021,5
cs/0001020,6
cs/0001015,7
cs/0001012,8
cs/0001010,9
cs/0001008,10
cs/0001004,11
cs/0002006,12
cs/0001002,13
cmp-lg/9503024v1,14
cs/0002016,15
cs/0002015,16
cs/0002014,17
cs/0002003,18
cs/0002002,19
cs/0002001,20
cs/0003084,21
cs/0003083,22
cs/0003081,23
cs/0003080,24
cs/0003079,25
cs/0003077,26
cs/0003076,27
cs/9909009v1,28
cs/0003072,29
cs/0003067,30
cs/0003061,31
cs/0003060,32
cs/0003059,33
cs/0003057,34
cs/0003056,35
cs/0003055,36
cs/0003052,37
cs/0003051,38
cs/0003049,39
cs/0003048,40
cs/0003046,41
cs/0003044,42
cs/0003042,43
cs/0003041,44
cs/0003040,45
cs/0003039,46
cs/0003037,47
cs/0003036,48
cs/0003035,49
cs/0003034,50
cs/0003033,51
cs/0303009,52
cs/0003032,53
cs/0003031,54
cs/0003030,55
cs/0003029,56
cs/0003028,57
cs/0003027,58
cs/0003024,59
cs/0003023,60
1303.5706,61
cs/9808007,62
1302.6817,63
cs/0202021,64
cs/0202022,65
cs/0203002,66
1303.5434,67
cs/0003022,68
cs/0003021,69
cs/0007039v1,70
cs/0007040,71
cs/0003020,72
cs/0003017,73
cs/0003016,74
cs/0003015,75
cs/0003014,76
1304.1500,77
cs/0003013,78
cs/0003011,79
cs/0003009,80
cs/0202025,81
cs/0003008,82
cs/0003007,83
physics/0004057,84
cs/0004003,85
cs/0004001,86
physics/0005062,87
cs/0005031,88
1302.6797,89
1302.6806,90
cs/0005030,91
cs/0005027,92
cs/0005025,93
cs/0005021,94
cs/0005019,95
cs/0005017,96
cs/0005014,97
cs/0005016,98
cs/0005013,99
cs/0005012,100
cs/0005010,101
0903.2749v1,102
cs/0005001,103
nlin/0006025,104
math/0006233,105
cs/0006047,106
cs/0006044,107
cs/0006042,108
cs/0006038,109
cs/0006036,110
cs/0105037,111
cs/0006031,112
cs/0006028,113
cs/0006025,114
cs/0006024,115
cmp-lg/9806002,116
cs/0006023,117
cs/0006019,118
cs/0006012,119
cmp-lg/9506021v1,120
cmp-lg/9505040,121
cs/0006011,122
cs/0006009,123
cs/0006003,124
cs/0006002,125
physics/0007070,126
cs/0007039,127
cs/0007036,128
cs/0007035,129
cmp-lg/9709003v2,130
cs/0007033,131
cs/0007024,132
cs/0007023,133
cs/0204026,134
cs/0007022,135
cs/0007018,136
cs/0007013,137
cs/0007011,138
cs/0007010,139
cs/0007009,140
cs/0007004,141
cs/0007002,142
cs/0008036,143
cmp-lg/9506014,144
cs/0312043,145
cs/0008034,146
cs/0008033,147
cs/0008032,148
cs/0008031,149
cs/0008030,150
cs/9912006,151
cs/0008029,152
cs/0008028,153
cs/0008027,154
cs/0008026,155
cs/0008024,156
cs/0008023,157
cmp-lg/9803002,158
cs/0008022,159
cs/0008021,160
cs/0008020,161
cs/0008017,162
cmp-lg/9711003,163
cs/0008016,164
cs/0008015,165
cs/0008014,166
cs/0008013,167
cs/0008007,168
physics/0009032,169
cs/0009027,170
cs/0009022,171
cs/0009011,172
cs/0009008,173
cs/0009007,174
cs/0009003,175
cs/0009001,176
quant-ph/0002027,177
cond-mat/0009165,178
cond-mat/9607180,179
physics/9706015,180
hep-th/9703135,181
cond-mat/9911474,182
cs/0010037,183
cs/0010033,184
cs/0010032,185
cs/0010030,186
cs/0010022,187
cs/0010012,188
cs/0010006,189
quant-ph/0011122,190
quant-ph/9908043,191
quant-ph/9603008,192
gr-qc/9704009,193
cs/0011044,194
cs/0011042,195
cs/0011038,196
cs/0011035,197
cs/0011034,198
cs/0011033,199
cs/0011032,200
cs/0011030,201
cs/0011028,202
cs/0011020,203
cs/0011011,204
cs/0011007,205
cs/0011003,206
cs/0011002,207
cs/0011001,208
cs/0012004,209
cs/0101036,210
cs/0101014,211
cs/0101010,212
cs/0101030,213
cs/0011015,214
cs/0102021,215
cs/0102020,216
cs/0102019,217
cs/0102014,218
cs/0103026,219
cs/0103020,220
cs/0103015,221
cs/0103013,222
cs/0103012,223
cs/0103011,224
cs/0103010,225
cs/0103003,226
cs/0104022,227
cmp-lg/9504020,228
cs/0104020,229
cs/0104019,230
cs/0104017,231
cs/0104007,232
cs/0104006,233
cs/0104005,234
cond-mat/0104066,235
cs/0105036,236
cs/0105032,237
cs/0105030,238
cs/0105027,239
cs/0105025,240
cs/0105023,241
cs/0105022,242
cs/0105021,243
cs/0105019,244
cs/0105017,245
cs/0105016,246
cs/0105015,247
cs/0105005,248
cs/0105003,249
cs/0105002,250
cs/0105001,251
cs/0106059,252
cs/0106047,253
cs/0106044,254
cs/0106043,255
cs/0106039,256
cs/0106031,257
cs/0106025,258
cs/9912015,259
cs/0106015,260
cs/0106014,261
cs/0106008,262
cs/0106004,263
cs/0107029,264
cs/0107028,265
cs/0107021,266
cs/0107020,267
cs/0107019,268
cs/0107018,269
cs/0107017,270
cmp-lg/9611003,271
cs/0107014,272
cs/0107013,273
cs/0107006,274
cs/0107005,275
cs/0107002,276
cs/0012010,277
cs/0108023,278
cs/9811025v2,279
cs/0108022,280
cs/0108018,281
cs/0108013,282
cs/0108008,283
cs/0108005,284
cs/0109039,285
cs/0109023,286
cs/0109020,287
cs/0109015,288
cs/0109010,289
cmp-lg/9708003v1,290
cs/0109006,291
cond-mat/0109218,292
cs/0110053,293
cs/0110041,294
cs/0110036,295
cs/0110027,296
cs/0110023,297
cs/0110015,298
cs/0110014,299
cs/0110004,300
cs/0110003,301
cs/0111065,302
cs/0111064,303
cs/0111060,304
cs/0111054,305
cs/0312044,306
quant-ph/9703022,307
cs/0111038,308
1303.5427,309
cs/0111003,310
cs/0112018,311
cs/0112015,312
cs/0112013,313
cs/0112011,314
cs/0112007,315
cs/0112005,316
cs/0112004,317
cs/0112003,318
